Date,Month,Year,Volume_Million,Value_Crore
2021-06-01,June,2021,97.807,21837.51
2021-06-02,June,2021,98.137,20668.35
2021-06-03,June,2021,92.8,19629.84
2021-06-04,June,2021,90.824,18987.07
2021-06-05,June,2021,92.12,18465.68
2021-06-06,June,2021,85.062,13881.64
2021-06-07,June,2021,95.853,20566.61
2021-06-08,June,2021,95.949,19555.25
2021-06-09,June,2021,95.932,19616.4
2021-06-10,June,2021,96.068,19826.78
2021-06-11,June,2021,94.841,19013.39
2021-06-12,June,2021,91.484,16646.22
2021-06-13,June,2021,85.165,12899.97
2021-06-14,June,2021,97.372,20359.99
2021-06-15,June,2021,96.859,19631.73
2021-06-16,June,2021,95.888,19341.99
2021-06-17,June,2021,91.454,17975.02
2021-06-18,June,2021,96.815,18847.37
2021-06-19,June,2021,92.337,16946.72
2021-06-20,June,2021,86.158,12949.17
2021-06-21,June,2021,96.774,19694.06
2021-06-22,June,2021,93.782,18529.74
2021-06-23,June,2021,88.608,16920.82
2021-06-24,June,2021,90.121,17171.85
2021-06-25,June,2021,93.525,17648.46
2021-06-26,June,2021,92.318,15638.86
2021-06-27,June,2021,85.353,11945.99
2021-06-28,June,2021,95.751,19199.12
2021-06-29,June,2021,97.164,19122.24
2021-06-30,June,2021,105.195,23855.32
2021-07-01,July,2021,105.235,23416.77
2021-07-02,July,2021,108.15,22773.32
2021-07-03,July,2021,104.452,20784.0
2021-07-04,July,2021,97.948,16400.08
2021-07-05,July,2021,109.22,23601.76
2021-07-06,July,2021,107.724,21426.67
2021-07-07,July,2021,110.038,23158.49
2021-07-08,July,2021,108.632,19593.6
2021-07-09,July,2021,110.288,22376.23
2021-07-10,July,2021,105.33,17381.76
2021-07-11,July,2021,98.862,14528.9
2021-07-12,July,2021,106.977,17865.05
2021-07-13,July,2021,105.496,26954.63
2021-07-14,July,2021,106.977,19870.94
2021-07-15,July,2021,106.823,21013.1
2021-07-16,July,2021,106.786,21440.28
2021-07-17,July,2021,103.017,18400.77
2021-07-18,July,2021,91.512,12743.31
2021-07-19,July,2021,104.952,20635.1
2021-07-20,July,2021,107.812,20476.24
2021-07-21,July,2021,95.491,15421.19
2021-07-22,July,2021,94.738,15711.85
2021-07-23,July,2021,104.729,19889.5
2021-07-24,July,2021,97.807,15607.17
2021-07-25,July,2021,96.795,12927.13
2021-07-26,July,2021,105.106,19885.25
2021-07-27,July,2021,104.066,19262.96
2021-07-28,July,2021,105.626,19325.52
2021-07-29,July,2021,104.444,19154.18
2021-07-30,July,2021,111.752,21272.89
2021-07-31,July,2021,121.03,22584.56
2021-08-01,August,2021,113.983,17991.95
2021-08-02,August,2021,120.232,25029.23
2021-08-03,August,2021,120.077,23649.82
2021-08-04,August,2021,119.128,24030.66
2021-08-05,August,2021,118.341,23718.76
2021-08-06,August,2021,110.522,21095.72
2021-08-07,August,2021,122.245,22910.2
2021-08-08,August,2021,112.774,16658.61
2021-08-09,August,2021,123.51,24086.79
2021-08-10,August,2021,124.703,24240.48
2021-08-11,August,2021,121.833,23627.85
2021-08-12,August,2021,118.733,22704.03
2021-08-13,August,2021,115.284,20953.57
2021-08-14,August,2021,114.781,19317.55
2021-08-15,August,2021,106.292,14679.03
2021-08-16,August,2021,113.705,21637.92
2021-08-17,August,2021,114.532,21311.21
2021-08-18,August,2021,114.179,21660.34
2021-08-19,August,2021,114.87,20696.02
2021-08-20,August,2021,111.508,18706.14
2021-08-21,August,2021,117.35,19530.45
2021-08-22,August,2021,106.053,13242.53
2021-08-23,August,2021,108.596,19805.16
2021-08-24,August,2021,109.723,19853.25
2021-08-25,August,2021,113.974,20927.52
2021-08-26,August,2021,111.396,19824.58
2021-08-27,August,2021,110.601,19367.36
2021-08-28,August,2021,110.81,18119.46
2021-08-29,August,2021,106.733,14334.35
2021-08-30,August,2021,109.165,19281.64
2021-08-31,August,2021,119.913,26124.77
2021-09-01,September,2021,126.106,27148.4
2021-09-02,September,2021,127.666,26154.15
2021-09-03,September,2021,124.5,23910.41
2021-09-04,September,2021,123.738,23834.31
2021-09-05,September,2021,108.895,16861.66
2021-09-06,September,2021,122.117,24922.42
2021-09-07,September,2021,113.979,21864.83
2021-09-08,September,2021,126.405,24634.77
2021-09-09,September,2021,128.419,24770.65
2021-09-10,September,2021,120.937,21030.37
2021-09-11,September,2021,117.88,20129.85
2021-09-12,September,2021,113.616,15950.87
2021-09-13,September,2021,120.556,23212.04
2021-09-14,September,2021,121.427,22629.21
2021-09-15,September,2021,123.998,23442.74
2021-09-16,September,2021,120.165,22094.58
2021-09-17,September,2021,117.223,19888.28
2021-09-18,September,2021,123.849,20854.06
2021-09-19,September,2021,118.192,15698.53
2021-09-20,September,2021,125.269,23232.53
2021-09-21,September,2021,123.081,22157.2
2021-09-22,September,2021,123.79,21821.81
2021-09-23,September,2021,123.223,21377.26
2021-09-24,September,2021,123.665,20872.26
2021-09-25,September,2021,120.495,19085.04
2021-09-26,September,2021,116.82,14906.16
2021-09-27,September,2021,119.904,20756.07
2021-09-28,September,2021,120.882,21099.09
2021-09-29,September,2021,122.377,21981.12
2021-09-30,September,2021,135.122,28327.61
2021-10-01,October,2021,137.77,28370.06
2021-10-02,October,2021,139.113,25337.11
2021-10-03,October,2021,137.267,21845.73
2021-10-04,October,2021,139.385,29292.41
2021-10-05,October,2021,142.994,29189.41
2021-10-06,October,2021,137.162,26288.98
2021-10-07,October,2021,144.68,28676.31
2021-10-08,October,2021,142.183,27623.49
2021-10-09,October,2021,134.63,24747.41
2021-10-10,October,2021,135.989,21201.45
2021-10-11,October,2021,137.829,28260.91
2021-10-12,October,2021,138.867,27223.76
2021-10-13,October,2021,137.647,26037.62
2021-10-14,October,2021,133.418,24029.6
2021-10-15,October,2021,126.871,18158.34
2021-10-16,October,2021,128.528,22054.06
2021-10-17,October,2021,118.511,16615.55
2021-10-18,October,2021,134.786,25795.4
2021-10-19,October,2021,130.954,23136.67
2021-10-20,October,2021,134.832,24614.57
2021-10-21,October,2021,133.033,24809.26
2021-10-22,October,2021,136.07,24402.71
2021-10-23,October,2021,134.399,21969.69
2021-10-24,October,2021,129.421,16990.59
2021-10-25,October,2021,133.198,25923.01
2021-10-26,October,2021,135.028,25081.49
2021-10-27,October,2021,134.127,25168.12
2021-10-28,October,2021,136.127,26359.34
2021-10-29,October,2021,139.184,27747.43
2021-10-30,October,2021,147.709,29919.39
2021-10-31,October,2021,146.932,24537.12
2021-11-01,November,2021,158.765,36035.24
2021-11-02,November,2021,164.375,34915.78
2021-11-03,November,2021,164.769,34613.47
2021-11-04,November,2021,143.481,23307.44
2021-11-05,November,2021,132.601,22719.01
2021-11-06,November,2021,136.253,24416.19
2021-11-07,November,2021,130.927,20543.84
2021-11-08,November,2021,142.344,28222.58
2021-11-09,November,2021,137.906,27462.69
2021-11-10,November,2021,140.376,27572.23
2021-11-11,November,2021,136.969,26145.08
2021-11-12,November,2021,136.332,25519.53
2021-11-13,November,2021,137.709,23325.29
2021-11-14,November,2021,134.494,18867.22
2021-11-15,November,2021,137.307,27088.45
2021-11-16,November,2021,138.159,27011.12
2021-11-17,November,2021,139.378,25755.18
2021-11-18,November,2021,134.821,25291.94
2021-11-19,November,2021,133.907,21545.81
2021-11-20,November,2021,138.715,24225.89
2021-11-21,November,2021,131.39,18070.98
2021-11-22,November,2021,133.85,25248.75
2021-11-23,November,2021,138.853,25616.77
2021-11-24,November,2021,137.403,25221.2
2021-11-25,November,2021,139.249,25459.92
2021-11-26,November,2021,137.568,25509.28
2021-11-27,November,2021,134.241,22251.27
2021-11-28,November,2021,129.628,17817.14
2021-11-29,November,2021,136.941,26386.44
2021-11-30,November,2021,147.769,32270.36
2021-12-01,December,2021,153.104,33487.99
2021-12-02,December,2021,152.43,31446.32
2021-12-03,December,2021,148.012,28800.98
2021-12-04,December,2021,154.254,29534.27
2021-12-05,December,2021,147.836,23634.62
2021-12-06,December,2021,148.874,30143.74
2021-12-07,December,2021,153.597,30111.47
2021-12-08,December,2021,151.003,28889.73
2021-12-09,December,2021,145.273,27977.02
2021-12-10,December,2021,138.276,25540.08
2021-12-11,December,2021,145.098,25827.58
2021-12-12,December,2021,139.211,20023.23
2021-12-13,December,2021,140.712,26943.56
2021-12-14,December,2021,148.481,28016.55
2021-12-15,December,2021,151.254,28838.73
2021-12-16,December,2021,145.696,26447.76
2021-12-17,December,2021,146.115,24999.17
2021-12-18,December,2021,145.123,24668.99
2021-12-19,December,2021,140.214,19087.16
2021-12-20,December,2021,148.936,29184.65
2021-12-21,December,2021,146.781,27086.37
2021-12-22,December,2021,148.994,26892.86
2021-12-23,December,2021,149.464,26454.72
2021-12-24,December,2021,149.12,25817.61
2021-12-25,December,2021,144.892,22122.87
2021-12-26,December,2021,135.726,17623.74
2021-12-27,December,2021,143.637,26037.07
2021-12-28,December,2021,144.559,26113.2
2021-12-29,December,2021,142.078,25271.47
2021-12-30,December,2021,149.152,27540.86
2021-12-31,December,2021,168.397,32283.86
2022-01-01,January,2022,158.527,27278.48
2022-01-02,January,2022,153.166,24750.74
2022-01-03,January,2022,161.487,32979.67
2022-01-04,January,2022,159.501,32214.37
2022-01-05,January,2022,159.171,31730.45
2022-01-06,January,2022,158.944,30771.67
2022-01-07,January,2022,162.133,30569.5
2022-01-08,January,2022,154.707,26520.13
2022-01-09,January,2022,121.296,18265.68
2022-01-10,January,2022,165.053,33273.67
2022-01-11,January,2022,156.323,30052.59
2022-01-12,January,2022,159.055,30181.55
2022-01-13,January,2022,156.506,28747.57
2022-01-14,January,2022,144.509,23852.4
2022-01-15,January,2022,137.8,21970.51
2022-01-16,January,2022,131.122,18000.91
2022-01-17,January,2022,148.762,27641.24
2022-01-18,January,2022,146.503,26732.97
2022-01-19,January,2022,150.162,27400.76
2022-01-20,January,2022,145.93,27092.83
2022-01-21,January,2022,147.74,26652.65
2022-01-22,January,2022,142.239,23272.13
2022-01-23,January,2022,131.735,17525.56
2022-01-24,January,2022,145.03,28414.48
2022-01-25,January,2022,146.012,27920.07
2022-01-26,January,2022,140.428,21232.52
2022-01-27,January,2022,143.76,27360.06
2022-01-28,January,2022,145.486,26942.28
2022-01-29,January,2022,139.055,24872.5
2022-01-30,January,2022,143.784,21176.51
2022-01-31,January,2022,161.23,36596.64
2022-02-01,February,2022,172.727,38167.32
2022-02-02,February,2022,166.646,34757.09
2022-02-03,February,2022,164.671,33265.3
2022-02-04,February,2022,162.284,32036.03
2022-02-05,February,2022,165.522,31339.7
2022-02-06,February,2022,154.93,23445.48
2022-02-07,February,2022,166.491,33670.85
2022-02-08,February,2022,166.798,32682.18
2022-02-09,February,2022,171.883,32468.47
2022-02-10,February,2022,164.632,31703.55
2022-02-11,February,2022,166.502,30697.0
2022-02-12,February,2022,163.281,27942.54
2022-02-13,February,2022,158.84,22271.87
2022-02-14,February,2022,167.59,32609.4
2022-02-15,February,2022,164.961,31888.77
2022-02-16,February,2022,165.318,30212.49
2022-02-17,February,2022,159.993,29053.85
2022-02-18,February,2022,161.088,27226.8
2022-02-19,February,2022,155.832,25778.25
2022-02-20,February,2022,154.944,21128.33
2022-02-21,February,2022,157.814,29480.41
2022-02-22,February,2022,147.401,27023.99
2022-02-23,February,2022,142.116,24444.21
2022-02-24,February,2022,167.923,32003.16
2022-02-25,February,2022,159.927,29271.51
2022-02-26,February,2022,160.68,26149.22
2022-02-27,February,2022,157.288,21228.83
2022-02-28,February,2022,159.407,34896.42
2022-03-01,March,2022,171.164,33758.22
2022-03-02,March,2022,179.457,37033.35
2022-03-03,March,2022,179.451,36252.3
2022-03-04,March,2022,177.904,35210.29
2022-03-05,March,2022,184.021,35370.65
2022-03-06,March,2022,172.569,26113.76
2022-03-07,March,2022,181.779,37285.22
2022-03-08,March,2022,179.365,34545.89
2022-03-09,March,2022,180.825,34882.05
2022-03-10,March,2022,181.54,34890.75
2022-03-11,March,2022,178.345,32377.05
2022-03-12,March,2022,176.519,29318.33
2022-03-13,March,2022,170.403,23152.81
2022-03-14,March,2022,177.435,33957.67
2022-03-15,March,2022,176.692,33340.64
2022-03-16,March,2022,180.456,33221.88
2022-03-17,March,2022,180.754,31166.73
2022-03-18,March,2022,148.927,18869.04
2022-03-19,March,2022,164.478,25247.27
2022-03-20,March,2022,158.862,21237.31
2022-03-21,March,2022,172.299,31841.8
2022-03-22,March,2022,167.303,29566.9
2022-03-23,March,2022,169.864,29859.79
2022-03-24,March,2022,169.582,29588.27
2022-03-25,March,2022,170.93,29741.97
2022-03-26,March,2022,176.05,27909.08
2022-03-27,March,2022,170.897,21937.12
2022-03-28,March,2022,171.371,30755.25
2022-03-29,March,2022,171.62,29737.75
2022-03-30,March,2022,177.198,33222.54
2022-03-31,March,2022,187.591,39189.99
2022-04-01,April,2022,175.996,38167.32
2022-04-02,April,2022,190.437,34757.09
2022-04-03,April,2022,181.666,33265.3
2022-04-04,April,2022,193.297,32036.03
2022-04-05,April,2022,192.136,31339.7
2022-04-06,April,2022,189.188,37401.11
2022-04-07,April,2022,192.491,37184.6
2022-04-08,April,2022,191.595,35133.63
2022-04-09,April,2022,196.377,33429.07
2022-04-10,April,2022,182.957,26380.29
2022-04-11,April,2022,192.092,37147.71
2022-04-12,April,2022,193.432,36141.16
2022-04-13,April,2022,195.935,22271.87
2022-04-14,April,2022,185.434,32609.4
2022-04-15,April,2022,180.744,31888.77
2022-04-16,April,2022,184.721,30212.49
2022-04-17,April,2022,177.611,23899.87
2022-04-18,April,2022,184.709,34476.4
2022-04-19,April,2022,184.84,33348.27
2022-04-20,April,2022,186.396,33512.38
2022-04-21,April,2022,183.363,31649.72
2022-04-22,April,2022,184.132,30687.21
2022-04-23,April,2022,183.043,28361.39
2022-04-24,April,2022,167.909,22341.42
2022-04-25,April,2022,182.16,33631.18
2022-04-26,April,2022,182.041,32293.94
2022-04-27,April,2022,183.281,32147.43
2022-04-28,April,2022,181.481,31645.31
2022-04-29,April,2022,184.956,34089.13
2022-04-30,April,2022,198.629,38589.29
2022-05-01,May,2022,205.398,35380.47
2022-05-02,May,2022,208.215,43127.73
2022-05-03,May,2022,186.151,32528.65
2022-05-04,May,2022,194.496,39142.74
2022-05-05,May,2022,199.545,40116.7
2022-05-06,May,2022,197.209,38218.9
2022-05-07,May,2022,206.059,37753.22
2022-05-08,May,2022,195.413,28907.36
2022-05-09,May,2022,199.41,39710.68
2022-05-10,May,2022,194.299,37570.27
2022-05-11,May,2022,197.423,36863.35
2022-05-12,May,2022,193.685,33771.63
2022-05-13,May,2022,194.336,37429.32
2022-05-14,May,2022,192.789,31230.91
2022-05-15,May,2022,188.454,25653.0
2022-05-16,May,2022,188.769,33249.98
2022-05-17,May,2022,187.292,33295.35
2022-05-18,May,2022,194.901,34027.49
2022-05-19,May,2022,190.19,32947.73
2022-05-20,May,2022,190.024,31912.52
2022-05-21,May,2022,189.8,30865.04
2022-05-22,May,2022,182.609,23763.95
2022-05-23,May,2022,187.032,32828.94
2022-05-24,May,2022,189.005,31870.42
2022-05-25,May,2022,188.372,31845.24
2022-05-26,May,2022,184.604,31197.03
2022-05-27,May,2022,183.472,29522.85
2022-05-28,May,2022,186.073,29069.75
2022-05-29,May,2022,185.213,23047.36
2022-05-30,May,2022,183.636,33628.62
2022-05-31,May,2022,191.323,39743.33
2022-06-01,June,2022,208.493,42008.82
2022-06-02,June,2022,211.432,43887.84
2022-06-03,June,2022,203.821,38200.28
2022-06-04,June,2022,205.128,35010.94
2022-06-05,June,2022,200.799,34073.12
2022-06-06,June,2022,202.338,39158.04
2022-06-07,June,2022,205.993,37704.57
2022-06-08,June,2022,207.591,38922.92
2022-06-09,June,2022,204.238,36686.89
2022-06-10,June,2022,202.175,36538.99
2022-06-11,June,2022,203.713,33508.5
2022-06-12,June,2022,195.253,26074.45
2022-06-13,June,2022,200.668,37447.27
2022-06-14,June,2022,198.669,34441.89
2022-06-15,June,2022,204.031,35105.4
2022-06-16,June,2022,201.736,34093.76
2022-06-17,June,2022,196.292,32304.39
2022-06-18,June,2022,181.897,29385.68
2022-06-19,June,2022,167.082,22291.5
2022-06-20,June,2022,187.808,34282.55
2022-06-21,June,2022,190.454,32914.38
2022-06-22,June,2022,188.55,31969.65
2022-06-23,June,2022,185.426,30994.9
2022-06-24,June,2022,190.489,31022.28
2022-06-25,June,2022,189.802,29437.83
2022-06-26,June,2022,186.508,23014.68
2022-06-27,June,2022,190.878,33292.2
2022-06-28,June,2022,189.408,31772.75
2022-06-29,June,2022,182.197,31620.08
2022-06-30,June,2022,179.881,37246.08
2022-07-01,July,2022,211.038,43831.02
2022-07-02,July,2022,213.415,42108.81
2022-07-03,July,2022,204.951,32114.33
2022-07-04,July,2022,209.317,42995.32
2022-07-05,July,2022,207.794,41456.59
2022-07-06,July,2022,209.344,39822.21
2022-07-07,July,2022,212.026,39624.23
2022-07-08,July,2022,207.958,37817.79
2022-07-09,July,2022,210.071,35896.16
2022-07-10,July,2022,193.244,26632.94
2022-07-11,July,2022,200.096,37142.02
2022-07-12,July,2022,201.121,35038.16
2022-07-13,July,2022,198.95,34242.77
2022-07-14,July,2022,202.358,34743.09
2022-07-15,July,2022,201.9,33702.42
2022-07-16,July,2022,201.356,32704.58
2022-07-17,July,2022,197.548,25086.78
2022-07-18,July,2022,198.021,33652.23
2022-07-19,July,2022,199.715,32665.89
2022-07-20,July,2022,206.007,34113.78
2022-07-21,July,2022,199.559,32083.3
2022-07-22,July,2022,198.487,30587.13
2022-07-23,July,2022,196.115,29270.86
2022-07-24,July,2022,192.239,23283.4
2022-07-25,July,2022,196.387,33362.36
2022-07-26,July,2022,195.114,31535.55
2022-07-27,July,2022,203.082,32141.8
2022-07-28,July,2022,197.107,31311.84
2022-07-29,July,2022,203.044,35222.25
2022-07-30,July,2022,213.219,38375.84
2022-07-31,July,2022,207.818,30551.59
2022-08-01,August,2022,217.127,43568.17
2022-08-02,August,2022,223.153,42085.99
2022-08-03,August,2022,211.576,38693.87
2022-08-04,August,2022,216.876,40079.82
2022-08-05,August,2022,205.425,35859.8
2022-08-06,August,2022,224.874,39064.52
2022-08-07,August,2022,212.483,29906.75
2022-08-08,August,2022,216.201,39627.08
2022-08-09,August,2022,210.464,34997.87
2022-08-10,August,2022,225.823,41043.38
2022-08-11,August,2022,223.559,36349.91
2022-08-12,August,2022,209.452,33508.36
2022-08-13,August,2022,208.753,32266.78
2022-08-14,August,2022,199.248,25307.67
2022-08-15,August,2022,194.664,25414.14
2022-08-16,August,2022,208.737,35358.46
2022-08-17,August,2022,213.404,36034.3
2022-08-18,August,2022,214.522,35365.86
2022-08-19,August,2022,207.271,31204.93
2022-08-20,August,2022,210.398,33072.27
2022-08-21,August,2022,201.259,25174.59
2022-08-22,August,2022,209.81,35304.68
2022-08-23,August,2022,206.506,33735.52
2022-08-24,August,2022,208.278,33988.13
2022-08-25,August,2022,210.628,34666.38
2022-08-26,August,2022,205.14,32104.76
2022-08-27,August,2022,214.653,31003.69
2022-08-28,August,2022,213.336,24581.62
2022-08-29,August,2022,213.882,36565.66
2022-08-30,August,2022,225.578,40909.83
2022-08-31,August,2022,216.548,36317.38
2022-09-01,September,2022,231.202,46102.69
2022-09-02,September,2022,234.438,42755.56
2022-09-03,September,2022,234.342,41387.77
2022-09-04,September,2022,222.21,32092.83
2022-09-05,September,2022,232.118,44581.11
2022-09-06,September,2022,228.842,41284.01
2022-09-07,September,2022,229.887,41648.13
2022-09-08,September,2022,226.981,39016.03
2022-09-09,September,2022,222.049,37027.98
2022-09-10,September,2022,224.938,36076.21
2022-09-11,September,2022,222.264,28818.13
2022-09-12,September,2022,224.262,39419.29
2022-09-13,September,2022,221.911,37206.64
2022-09-14,September,2022,225.362,37938.12
2022-09-15,September,2022,224.568,37563.76
2022-09-16,September,2022,225.526,36237.8
2022-09-17,September,2022,226.725,33100.06
2022-09-18,September,2022,214.049,25809.84
2022-09-19,September,2022,220.334,36275.55
2022-09-20,September,2022,222.249,35652.81
2022-09-21,September,2022,222.264,35651.91
2022-09-22,September,2022,225.365,37245.02
2022-09-23,September,2022,224.082,35202.31
2022-09-24,September,2022,225.485,33468.05
2022-09-25,September,2022,222.462,26617.01
2022-09-26,September,2022,226.406,38681.13
2022-09-27,September,2022,224.349,37077.33
2022-09-28,September,2022,229.403,37494.05
2022-09-29,September,2022,226.141,38173.16
2022-09-30,September,2022,240.586,46833.8
2022-10-01,October,2022,258.647,50382.75
2022-10-02,October,2022,248.364,39039.52
2022-10-03,October,2022,248.021,47218.26
2022-10-04,October,2022,239.69,42082.91
2022-10-05,October,2022,227.201,34258.45
2022-10-06,October,2022,233.147,41501.46
2022-10-07,October,2022,232.971,41204.09
2022-10-08,October,2022,236.574,39710.25
2022-10-09,October,2022,229.061,32190.94
2022-10-10,October,2022,241.002,47027.29
2022-10-11,October,2022,243.491,43642.01
2022-10-12,October,2022,245.081,42412.68
2022-10-13,October,2022,239.986,40387.93
2022-10-14,October,2022,235.274,38748.95
2022-10-15,October,2022,241.634,39499.74
2022-10-16,October,2022,238.485,31327.83
2022-10-17,October,2022,235.707,40125.1
2022-10-18,October,2022,240.264,39917.14
2022-10-19,October,2022,245.866,40856.85
2022-10-20,October,2022,242.704,42218.85
2022-10-21,October,2022,251.4,44598.12
2022-10-22,October,2022,260.812,44832.58
2022-10-23,October,2022,252.011,36622.22
2022-10-24,October,2022,223.328,27690.79
2022-10-25,October,2022,198.831,29351.82
2022-10-26,October,2022,214.452,32555.4
2022-10-27,October,2022,214.957,34451.97
2022-10-28,October,2022,216.242,36086.52
2022-10-29,October,2022,220.81,36208.01
2022-10-30,October,2022,217.295,28111.77
2022-10-31,October,2022,232.113,47325.3
2022-11-01,November,2022,249.44,50700.08
2022-11-02,November,2022,250.021,47432.82
2022-11-03,November,2022,243.482,45208.17
2022-11-04,November,2022,245.259,43645.17
2022-11-05,November,2022,252.834,44653.94
2022-11-06,November,2022,242.483,33841.13
2022-11-07,November,2022,245.245,45347.9
2022-11-08,November,2022,234.878,38528.36
2022-11-09,November,2022,251.471,43709.259
2022-11-10,November,2022,253.475,44760.22
2022-11-11,November,2022,244.348,41603.7
2022-11-12,November,2022,247.371,37328.49
2022-11-13,November,2022,246.071,29862.99
2022-11-14,November,2022,246.178,41601.59
2022-11-15,November,2022,246.709,41038.85
2022-11-16,November,2022,246.006,39877.66
2022-11-17,November,2022,241.94,38887.99
2022-11-18,November,2022,241.523,36774.04
2022-11-19,November,2022,243.564,36893.0
2022-11-20,November,2022,239.196,30141.8
2022-11-21,November,2022,226.549,37029.58
2022-11-22,November,2022,242.05,38450.98
2022-11-23,November,2022,241.147,37158.59
2022-11-24,November,2022,239.062,37188.36
2022-11-25,November,2022,241.307,37146.94
2022-11-26,November,2022,241.445,35261.16
2022-11-27,November,2022,234.136,27955.44
2022-11-28,November,2022,235.987,38785.39
2022-11-29,November,2022,238.96,39732.245
2022-11-30,November,2022,257.319,50047.55
2022-12-01,December,2022,269.215,53457.06
2022-12-02,December,2022,266.028,48531.22
2022-12-03,December,2022,264.104,46558.2
2022-12-04,December,2022,252.483,37265.1
2022-12-05,December,2022,263.016,50169.23
2022-12-06,December,2022,257.141,46197.13
2022-12-07,December,2022,258.398,46284.96
2022-12-08,December,2022,251.495,43719.07
2022-12-09,December,2022,248.863,42421.34
2022-12-10,December,2022,253.777,41177.7
2022-12-11,December,2022,250.837,33518.33
2022-12-12,December,2022,253.909,45151.66
2022-12-13,December,2022,255.797,43440.05
2022-12-14,December,2022,259.834,42458.09
2022-12-15,December,2022,256.141,42710.62
2022-12-16,December,2022,251.751,39520.11
2022-12-17,December,2022,248.837,37570.68
2022-12-18,December,2022,241.275,29305.27
2022-12-19,December,2022,250.276,40811.37
2022-12-20,December,2022,249.662,41271.64
2022-12-21,December,2022,250.103,40183.79
2022-12-22,December,2022,247.385,39160.3
2022-12-23,December,2022,247.796,38502.18
2022-12-24,December,2022,247.185,36227.07
2022-12-25,December,2022,233.158,28116.81
2022-12-26,December,2022,243.06,39846.63
2022-12-27,December,2022,240.922,38765.65
2022-12-28,December,2022,240.509,38372.59
2022-12-29,December,2022,244.672,39919.76
2022-12-30,December,2022,255.391,44912.73
2022-12-31,December,2022,276.47,46424.52
2023-01-01,January,2023,257.799,35576.8
2023-01-02,January,2023,264.116,50488.22
2023-01-03,January,2023,261.609,47767.96
2023-01-04,January,2023,266.412,50171.67
2023-01-05,January,2023,267.783,48732.35
2023-01-06,January,2023,260.354,45665.71
2023-01-07,January,2023,272.127,46858.16
2023-01-08,January,2023,260.793,36760.43
2023-01-09,January,2023,268.352,50045.65
2023-01-10,January,2023,270.384,48440.96
2023-01-11,January,2023,270.38,46672.56
2023-01-12,January,2023,270.892,45229.12
2023-01-13,January,2023,273.244,43782.2
2023-01-14,January,2023,263.447,37799.6
2023-01-15,January,2023,242.019,30014.56
2023-01-16,January,2023,249.819,40226.62
2023-01-17,January,2023,249.053,39728.11
2023-01-18,January,2023,257.891,41137.76
2023-01-19,January,2023,254.527,40937.69
2023-01-20,January,2023,260.83,41418.89
2023-01-21,January,2023,264.735,39750.27
2023-01-22,January,2023,252.135,31046.89
2023-01-23,January,2023,256.28,41835.44
2023-01-24,January,2023,257.381,40626.95
2023-01-25,January,2023,262.485,42730.7
2023-01-26,January,2023,241.042,31062.8
2023-01-27,January,2023,252.88,40158.06
2023-01-28,January,2023,246.81,36651.22
2023-01-29,January,2023,242.511,29669.35
2023-01-30,January,2023,250.701,44557.68
2023-01-31,January,2023,268.096,53514.4
2023-02-01,February,2023,288.981,58075.13
2023-02-02,February,2023,280.449,53349.07
2023-02-03,February,2023,274.231,48928.42
2023-02-04,February,2023,283.593,50154.95
2023-02-05,February,2023,272.452,39708.7
2023-02-06,February,2023,272.149,49382.48
2023-02-07,February,2023,280.23,51094.93
2023-02-08,February,2023,268.785,46745.96
2023-02-09,February,2023,281.71,48838.54
2023-02-10,February,2023,270.528,45521.66
2023-02-11,February,2023,267.798,42389.83
2023-02-12,February,2023,263.752,33672.53
2023-02-13,February,2023,261.376,44763.87
2023-02-14,February,2023,273.856,46194.43
2023-02-15,February,2023,275.019,46219.11
2023-02-16,February,2023,253.037,40478.39
2023-02-17,February,2023,272.541,41977.12
2023-02-18,February,2023,260.478,35674.95
2023-02-19,February,2023,255.47,31261.7
2023-02-20,February,2023,269.3,45260.1
2023-02-21,February,2023,265.099,42897.62
2023-02-22,February,2023,260.464,41562.95
2023-02-23,February,2023,261.962,40906.88
2023-02-24,February,2023,261.964,40347.83
2023-02-25,February,2023,260.602,39270.42
2023-02-26,February,2023,253.551,30904.86
2023-02-27,February,2023,264.294,45348.53
2023-02-28,February,2023,281.088,54915.62
2023-03-01,March,2023,301.207,59817.25
2023-03-02,March,2023,281.358,53383.73
2023-03-03,March,2023,294.107,52497.8
2023-03-04,March,2023,298.536,53722.03
2023-03-05,March,2023,287.01,42705.74
2023-03-06,March,2023,297.654,55488.96
2023-03-07,March,2023,278.185,43805.38
2023-03-08,March,2023,260.56,38788.84
2023-03-09,March,2023,273.011,45891.88
2023-03-10,March,2023,291.225,51625.61
2023-03-11,March,2023,282.242,44702.23
2023-03-12,March,2023,272.118,35015.26
2023-03-13,March,2023,284.208,49324.67
2023-03-14,March,2023,285.191,48479.42
2023-03-15,March,2023,285.373,48315.2
2023-03-16,March,2023,280.659,45720.014
2023-03-17,March,2023,278.461,41896.47
2023-03-18,March,2023,275.713,41909.31
2023-03-19,March,2023,267.622,33235.82
2023-03-20,March,2023,276.464,46652.05
2023-03-21,March,2023,282.932,44602.04
2023-03-22,March,2023,273.258,39965.47
2023-03-23,March,2023,271.552,42864.52
2023-03-24,March,2023,271.194,42625.03
2023-03-25,March,2023,274.558,41335.82
2023-03-26,March,2023,269.547,32424.0
2023-03-27,March,2023,275.529,45897.16
2023-03-28,March,2023,275.907,45057.3
2023-03-29,March,2023,278.3,45843.3
2023-03-30,March,2023,266.568,42465.52
2023-03-31,March,2023,295.049,48892.77
2023-04-01,April,2023,309.622,51067.88
2023-04-02,April,2023,270.59,40107.32
2023-04-03,April,2023,291.234,67174.84
2023-04-04,April,2023,302.628,55131.41
2023-04-05,April,2023,305.558,55523.66
2023-04-06,April,2023,300.371,53108.05
2023-04-07,April,2023,299.684,49096.83
2023-04-08,April,2023,305.959,45972.66
2023-04-09,April,2023,296.109,38971.53
2023-04-10,April,2023,306.642,57032.84
2023-04-11,April,2023,293.413,51142.19
2023-04-12,April,2023,317.35,52628.2
2023-04-13,April,2023,302.541,48837.58
2023-04-14,April,2023,292.159,41334.68
2023-04-15,April,2023,303.699,45867.37
2023-04-16,April,2023,290.29,35944.36
2023-04-17,April,2023,292.098,48059.75
2023-04-18,April,2023,289.577,45994.08
2023-04-19,April,2023,295.165,46337.61
2023-04-20,April,2023,301.545,47613.07
2023-04-21,April,2023,302.47,46341.28
2023-04-22,April,2023,281.493,37244.28
2023-04-23,April,2023,277.055,32251.65
2023-04-24,April,2023,281.919,44918.84
2023-04-25,April,2023,281.187,44390.27
2023-04-26,April,2023,286.046,44656.69
2023-04-27,April,2023,286.514,44563.42
2023-04-28,April,2023,294.058,48699.12
2023-04-29,April,2023,309.85,52690.23
2023-04-30,April,2023,296.434,42803.02
2023-05-01,May,2023,310.569,56109.02
2023-05-02,May,2023,309.652,57673.1
2023-05-03,May,2023,309.121,54740.39
2023-05-04,May,2023,302.783,55434.84
2023-05-05,May,2023,312.748,53729.76
2023-05-06,May,2023,319.678,53437.16
2023-05-07,May,2023,309.433,41902.53
2023-05-08,May,2023,310.363,54789.08
2023-05-09,May,2023,311.973,53279.57
2023-05-10,May,2023,313.276,52894.17
2023-05-11,May,2023,308.546,50019.107
2023-05-12,May,2023,309.381,48240.658
2023-05-13,May,2023,309.549,44730.46
2023-05-14,May,2023,306.202,37468.83
2023-05-15,May,2023,309.112,51693.485
2023-05-16,May,2023,303.065,48266.02
2023-05-17,May,2023,297.902,46493.98
2023-05-18,May,2023,301.226,46334.97
2023-05-19,May,2023,301.285,44503.43
2023-05-20,May,2023,310.532,46688.263
2023-05-21,May,2023,289.762,34744.2
2023-05-22,May,2023,290.415,46610.35
2023-05-23,May,2023,295.697,45016.09
2023-05-24,May,2023,299.017,45428.85
2023-05-25,May,2023,289.903,45736.15
2023-05-26,May,2023,300.219,44385.37
2023-05-27,May,2023,291.671,41936.741
2023-05-28,May,2023,297.083,33637.03
2023-05-29,May,2023,293.376,46315.4
2023-05-30,May,2023,288.986,47998.33
2023-05-31,May,2023,312.66,58908.108
2023-06-01,June,2023,325.617,62898.87
2023-06-02,June,2023,326.264,57644.81
2023-06-03,June,2023,323.211,54799.2
2023-06-04,June,2023,311.987,45018.03
2023-06-05,June,2023,321.195,59403.414
2023-06-06,June,2023,315.727,54850.163
2023-06-07,June,2023,326.002,56073.86
2023-06-08,June,2023,317.807,52908.79
2023-06-09,June,2023,319.367,52262.0
2023-06-10,June,2023,322.953,51283.62
2023-06-11,June,2023,311.614,39593.489
2023-06-12,June,2023,314.643,53040.32
2023-06-13,June,2023,312.412,50385.35
2023-06-14,June,2023,314.038,50450.73
2023-06-15,June,2023,310.801,49745.39
2023-06-16,June,2023,311.926,46355.7
2023-06-17,June,2023,312.082,45835.99
2023-06-18,June,2023,301.349,35234.45
2023-06-19,June,2023,309.947,49499.418
2023-06-20,June,2023,307.4,48407.3
2023-06-21,June,2023,307.131,47664.332
2023-06-22,June,2023,304.504,46704.89
2023-06-23,June,2023,302.343,45579.36
2023-06-24,June,2023,300.631,42935.74
2023-06-25,June,2023,294.734,35147.31
2023-06-26,June,2023,302.221,48619.694
2023-06-27,June,2023,299.957,47516.37
2023-06-28,June,2023,313.701,49897.31
2023-06-29,June,2023,280.597,37961.22
2023-06-30,June,2023,312.903,57747.14
2023-07-01,July,2023,339.543,61917.81
2023-07-02,July,2023,329.224,47229.91
2023-07-03,July,2023,328.963,59189.38
2023-07-04,July,2023,330.441,59449.73
2023-07-05,July,2023,331.282,59459.28
2023-07-06,July,2023,325.693,56399.5
2023-07-07,July,2023,329.822,55271.86
2023-07-08,July,2023,326.478,50571.15
2023-07-09,July,2023,319.543,41980.62
2023-07-10,July,2023,331.795,60484.849
2023-07-11,July,2023,326.674,53967.69
2023-07-12,July,2023,331.467,53590.281
2023-07-13,July,2023,323.753,50613.669
2023-07-14,July,2023,322.596,47947.775
2023-07-15,July,2023,317.555,47729.742
2023-07-16,July,2023,320.867,38071.817
2023-07-17,July,2023,317.026,48124.927
2023-07-18,July,2023,311.713,46846.489
2023-07-19,July,2023,315.442,47849.695
2023-07-20,July,2023,315.375,47608.519
2023-07-21,July,2023,315.282,45577.502
2023-07-22,July,2023,313.692,42238.882
2023-07-23,July,2023,309.314,34416.573
2023-07-24,July,2023,311.005,48206.151
2023-07-25,July,2023,307.947,46984.686
2023-07-26,July,2023,310.765,46067.185
2023-07-27,July,2023,314.061,45734.033
2023-07-28,July,2023,315.233,46273.687
2023-07-29,July,2023,316.706,42690.111
2023-07-30,July,2023,317.21,36936.177
2023-07-31,July,2023,337.789,64106.759
2023-08-01,August,2023,355.248,66969.232
2023-08-02,August,2023,345.688,62307.106
2023-08-03,August,2023,348.569,59287.21
2023-08-04,August,2023,344.793,57716.61
2023-08-05,August,2023,356.242,57820.12
2023-08-06,August,2023,298.815,36438.5
2023-08-07,August,2023,359.107,63298.71
2023-08-08,August,2023,349.243,55950.61
2023-08-09,August,2023,350.343,56345.84
2023-08-10,August,2023,354.791,57156.72
2023-08-11,August,2023,353.391,53813.39
2023-08-12,August,2023,352.684,48703.92
2023-08-13,August,2023,342.723,38677.49
2023-08-14,August,2023,353.366,54501.9
2023-08-15,August,2023,328.46,39607.89
2023-08-16,August,2023,340.164,50036.67
2023-08-17,August,2023,332.278,49839.67
2023-08-18,August,2023,337.298,48000.66
2023-08-19,August,2023,335.203,47379.98
2023-08-20,August,2023,335.688,38720.84
2023-08-21,August,2023,334.738,50543.5
2023-08-22,August,2023,327.287,47968.58
2023-08-23,August,2023,331.439,47616.87
2023-08-24,August,2023,335.051,47858.74
2023-08-25,August,2023,331.038,46491.48
2023-08-26,August,2023,338.155,45179.66
2023-08-27,August,2023,332.827,36874.21
2023-08-28,August,2023,339.645,51900.82
2023-08-29,August,2023,341.346,51131.17
2023-08-30,August,2023,356.135,50318.3
2023-08-31,August,2023,344.261,58080.14
2023-09-01,September,2023,365.533,66251.46
2023-09-02,September,2023,367.404,61319.8
2023-09-03,September,2023,351.903,48259.6
2023-09-04,September,2023,360.871,65160.82
2023-09-05,September,2023,359.588,62292.52
2023-09-06,September,2023,361.958,59538.75
2023-09-07,September,2023,353.964,56509.07
2023-09-08,September,2023,350.583,55244.15
2023-09-09,September,2023,356.507,52442.49
2023-09-10,September,2023,355.189,43863.43
2023-09-11,September,2023,357.122,58890.66
2023-09-12,September,2023,356.762,57361.62
2023-09-13,September,2023,355.108,55420.78
2023-09-14,September,2023,353.301,52948.4
2023-09-15,September,2023,361.942,52463.74
2023-09-16,September,2023,359.371,51457.19
2023-09-17,September,2023,362.153,39851.59
2023-09-18,September,2023,344.25,46073.95
2023-09-19,September,2023,340.495,46404.94
2023-09-20,September,2023,347.57,51964.82
2023-09-21,September,2023,341.004,50639.38
2023-09-22,September,2023,338.937,47198.39
2023-09-23,September,2023,333.77,44321.27
2023-09-24,September,2023,336.279,36318.66
2023-09-25,September,2023,343.951,52459.32
2023-09-26,September,2023,341.297,49983.7
2023-09-27,September,2023,350.709,51103.2
2023-09-28,September,2023,333.036,46099.97
2023-09-29,September,2023,346.494,54305.47
2023-09-30,September,2023,368.636,62984.04
2023-10-01,October,2023,371.388,55361.74
2023-10-02,October,2023,363.963,55043.13
2023-10-03,October,2023,376.667,66099.28
2023-10-04,October,2023,379.263,67532.08
2023-10-05,October,2023,387.182,66768.83
2023-10-06,October,2023,378.417,60745.31
2023-10-07,October,2023,391.027,65036.72
2023-10-08,October,2023,385.015,51259.08
2023-10-09,October,2023,382.32,67283.18
2023-10-10,October,2023,390.474,64797.72
2023-10-11,October,2023,386.404,61280.39
2023-10-12,October,2023,381.56,58987.48
2023-10-13,October,2023,384.597,56244.79
2023-10-14,October,2023,332.007,41345.44
2023-10-15,October,2023,359.001,44351.21
2023-10-16,October,2023,353.726,55618.56
2023-10-17,October,2023,367.874,56858.26
2023-10-18,October,2023,372.074,55860.46
2023-10-19,October,2023,370.993,54470.36
2023-10-20,October,2023,369.263,54710.75
2023-10-21,October,2023,377.773,54291.64
2023-10-22,October,2023,359.245,41526.45
2023-10-23,October,2023,345.695,46427.03
2023-10-24,October,2023,338.269,39260.52
2023-10-25,October,2023,353.837,52321.01
2023-10-26,October,2023,351.611,53636.83
2023-10-27,October,2023,354.275,51883.0
2023-10-28,October,2023,351.083,47773.87
2023-10-29,October,2023,344.131,39525.24
2023-10-30,October,2023,368.975,60412.71
2023-10-31,October,2023,380.681,69055.27
2023-11-01,November,2023,405.429,75460.87
2023-11-02,November,2023,393.885,69440.58
2023-11-03,November,2023,390.106,65932.18
2023-11-04,November,2023,399.462,67589.37
2023-11-05,November,2023,398.092,55497.82
2023-11-06,November,2023,388.721,68024.65
2023-11-07,November,2023,393.225,68423.73
2023-11-08,November,2023,405.105,69096.38
2023-11-09,November,2023,407.712,71078.45
2023-11-10,November,2023,428.939,75086.84
2023-11-11,November,2023,439.04,69374.71
2023-11-12,November,2023,393.573,44733.39
2023-11-13,November,2023,341.77,47916.85
2023-11-14,November,2023,351.304,51371.31
2023-11-15,November,2023,355.035,52638.59
2023-11-16,November,2023,361.035,55363.84
2023-11-17,November,2023,353.843,52204.33
2023-11-18,November,2023,363.396,52174.65
2023-11-19,November,2023,354.845,38799.93
2023-11-20,November,2023,356.324,56077.71
2023-11-21,November,2023,355.882,54802.0
2023-11-22,November,2023,345.805,53206.86
2023-11-23,November,2023,359.983,53380.71
2023-11-24,November,2023,354.608,52349.38
2023-11-25,November,2023,355.628,49582.93
2023-11-26,November,2023,349.656,39662.64
2023-11-27,November,2023,344.865,47992.81
2023-11-28,November,2023,355.973,53090.91
2023-11-29,November,2023,360.039,59642.71
2023-11-30,November,2023,372.012,69743.48
2023-12-01,December,2023,406.279,73567.26
2023-12-02,December,2023,407.853,70237.35
2023-12-03,December,2023,387.094,51728.44
2023-12-04,December,2023,381.763,68763.3
2023-12-05,December,2023,385.449,68578.17
2023-12-06,December,2023,383.805,64625.98
2023-12-07,December,2023,383.953,63698.48
2023-12-08,December,2023,398.26,63578.4
2023-12-09,December,2023,399.136,59877.09
2023-12-10,December,2023,391.703,49895.18
2023-12-11,December,2023,391.092,65689.66
2023-12-12,December,2023,395.649,62987.05
2023-12-13,December,2023,391.256,61418.12
2023-12-14,December,2023,387.595,59486.48
2023-12-15,December,2023,384.254,58430.66
2023-12-16,December,2023,389.045,55199.4
2023-12-17,December,2023,383.685,43870.34
2023-12-18,December,2023,382.635,58406.97
2023-12-19,December,2023,380.983,56788.0
2023-12-20,December,2023,388.888,60562.68
2023-12-21,December,2023,388.329,57778.84
2023-12-22,December,2023,388.554,56458.87
2023-12-23,December,2023,382.126,52084.16
2023-12-24,December,2023,374.203,42244.26
2023-12-25,December,2023,365.793,45953.24
2023-12-26,December,2023,372.708,55758.73
2023-12-27,December,2023,374.196,56459.53
2023-12-28,December,2023,371.9,57227.27
2023-12-29,December,2023,381.246,61351.22
2023-12-30,December,2023,399.755,66002.11
2023-12-31,December,2023,421.039,54242.21
2024-01-01,January,2024,405.751,61548.14
2024-01-02,January,2024,407.145,70893.83
2024-01-03,January,2024,405.837,69042.32
2024-01-04,January,2024,398.287,69677.0
2024-01-05,January,2024,402.271,67340.71
2024-01-06,January,2024,410.197,66487.01
2024-01-07,January,2024,402.128,53625.61
2024-01-08,January,2024,405.777,70844.31
2024-01-09,January,2024,400.545,66881.19
2024-01-10,January,2024,412.603,69096.76
2024-01-11,January,2024,413.081,64802.51
2024-01-12,January,2024,412.873,62936.8
2024-01-13,January,2024,415.052,58622.32
2024-01-14,January,2024,397.021,45798.47
2024-01-15,January,2024,371.569,52989.31
2024-01-16,January,2024,375.105,54848.9
2024-01-17,January,2024,386.014,57865.64
2024-01-18,January,2024,377.633,57744.14
2024-01-19,January,2024,388.988,57190.9
2024-01-20,January,2024,396.125,58896.19
2024-01-21,January,2024,382.863,43723.18
2024-01-22,January,2024,355.849,45700.49
2024-01-23,January,2024,380.701,58416.14
2024-01-24,January,2024,389.797,58701.3
2024-01-25,January,2024,390.637,59174.51
2024-01-26,January,2024,372.882,44870.49
2024-01-27,January,2024,381.449,49962.28
2024-01-28,January,2024,374.314,41338.49
2024-01-29,January,2024,387.81,61721.4
2024-01-30,January,2024,388.308,63398.15
2024-01-31,January,2024,414.406,76945.48
2024-02-01,February,2024,431.859,82028.29
2024-02-02,February,2024,433.491,73617.61
2024-02-03,February,2024,431.146,70136.81
2024-02-04,February,2024,419.376,58023.37
2024-02-05,February,2024,430.428,77049.21
2024-02-06,February,2024,403.023,66834.78
2024-02-07,February,2024,436.919,72935.74
2024-02-08,February,2024,431.524,69704.87
2024-02-09,February,2024,432.959,67472.51
2024-02-10,February,2024,437.73,64841.39
2024-02-11,February,2024,423.239,50719.39
2024-02-12,February,2024,426.337,69413.98
2024-02-13,February,2024,419.77,64168.37
2024-02-14,February,2024,420.621,62262.76
2024-02-15,February,2024,420.045,64067.86
2024-02-16,February,2024,409.975,58708.44
2024-02-17,February,2024,404.574,56296.73
2024-02-18,February,2024,407.449,45970.13
2024-02-19,February,2024,406.978,59833.37
2024-02-20,February,2024,410.595,61793.87
2024-02-21,February,2024,413.867,60116.76
2024-02-22,February,2024,403.186,57929.56
2024-02-23,February,2024,410.278,56587.1
2024-02-24,February,2024,401.305,52338.63
2024-02-25,February,2024,398.982,44382.34
2024-02-26,February,2024,400.004,59971.55
2024-02-27,February,2024,387.242,57903.92
2024-02-28,February,2024,418.19,64859.15
2024-02-29,February,2024,431.581,77900.86
2024-03-01,March,2024,454.629,80825.87
2024-03-02,March,2024,452.081,75429.57
2024-03-03,March,2024,433.882,58334.6
2024-03-04,March,2024,440.041,77261.65
2024-03-05,March,2024,446.935,76244.86
2024-03-06,March,2024,441.826,73298.76
2024-03-07,March,2024,450.115,72473.42
2024-03-08,March,2024,428.233,59151.0
2024-03-09,March,2024,433.556,62712.99
2024-03-10,March,2024,438.191,54675.02
2024-03-11,March,2024,444.613,73454.28
2024-03-12,March,2024,432.386,68580.66
2024-03-13,March,2024,432.008,68886.56
2024-03-14,March,2024,428.908,66622.38
2024-03-15,March,2024,436.618,64856.7
2024-03-16,March,2024,431.583,61213.98
2024-03-17,March,2024,425.875,48305.04
2024-03-18,March,2024,427.942,63687.32
2024-03-19,March,2024,418.605,61251.95
2024-03-20,March,2024,418.415,62350.23
2024-03-21,March,2024,426.27,61972.32
2024-03-22,March,2024,445.607,61822.7
2024-03-23,March,2024,450.497,60705.64
2024-03-24,March,2024,445.968,48265.51
2024-03-25,March,2024,370.724,40085.56
2024-03-26,March,2024,413.096,56389.63
2024-03-27,March,2024,428.464,62182.95
2024-03-28,March,2024,425.939,67414.47
2024-03-29,March,2024,428.298,61279.32
2024-03-30,March,2024,440.27,69087.24
2024-03-31,March,2024,448.429,59531.05
2024-04-01,April,2024,408.177,65707.52
2024-04-02,April,2024,437.671,78992.68
2024-04-03,April,2024,457.456,81612.52
2024-04-04,April,2024,463.732,80339.98
2024-04-05,April,2024,468.352,76592.44
2024-04-06,April,2024,468.334,75139.67
2024-04-07,April,2024,473.22,62137.33
2024-04-08,April,2024,464.573,78463.35
2024-04-09,April,2024,472.993,73005.91
2024-04-10,April,2024,478.73,77281.73
2024-04-11,April,2024,437.03,58614.12
2024-04-12,April,2024,444.522,66417.2
2024-04-13,April,2024,447.934,60182.59
2024-04-14,April,2024,438.394,49234.95
2024-04-15,April,2024,446.973,71014.73
2024-04-16,April,2024,449.411,67012.58
2024-04-17,April,2024,430.565,58079.92
2024-04-18,April,2024,438.766,62329.77
2024-04-19,April,2024,414.156,55920.21
2024-04-20,April,2024,444.732,63256.03
2024-04-21,April,2024,434.677,48472.16
2024-04-22,April,2024,433.63,63466.19
2024-04-23,April,2024,423.223,59888.22
2024-04-24,April,2024,429.69,62462.96
2024-04-25,April,2024,431.685,62066.2
2024-04-26,April,2024,417.87,56158.84
2024-04-27,April,2024,437.346,56822.21
2024-04-28,April,2024,425.632,46102.79
2024-04-29,April,2024,435.225,67116.48
2024-04-30,April,2024,449.295,80573.24
2024-05-01,May,2024,480.469,81678.5
2024-05-02,May,2024,477.201,82795.98
2024-05-03,May,2024,471.203,77293.8
2024-05-04,May,2024,484.087,77618.21
2024-05-05,May,2024,471.169,61535.54
2024-05-06,May,2024,466.994,77012.19
2024-05-07,May,2024,454.411,71966.72
2024-05-08,May,2024,474.136,74337.94
2024-05-09,May,2024,471.116,74897.09
2024-05-10,May,2024,474.033,74820.95
2024-05-11,May,2024,460.534,64156.46
2024-05-12,May,2024,456.544,51539.62
2024-05-13,May,2024,436.812,64193.58
2024-05-14,May,2024,449.489,67457.42
2024-05-15,May,2024,461.181,69211.71
2024-05-16,May,2024,449.306,65655.99
2024-05-17,May,2024,446.652,61499.98
2024-05-18,May,2024,447.537,60392.39
2024-05-19,May,2024,442.155,48699.88
2024-05-20,May,2024,435.916,62677.84
2024-05-21,May,2024,442.981,63261.77
2024-05-22,May,2024,448.522,62814.11
2024-05-23,May,2024,432.157,59408.9
2024-05-24,May,2024,443.913,59932.38
2024-05-25,May,2024,431.014,55032.22
2024-05-26,May,2024,438.771,45546.42
2024-05-27,May,2024,433.74,63592.61
2024-05-28,May,2024,428.426,61125.12
2024-05-29,May,2024,431.343,61874.15
2024-05-30,May,2024,434.873,65193.76
2024-05-31,May,2024,459.158,77713.82
2024-06-01,June,2024,478.457,80892.93
2024-06-02,June,2024,474.178,65177.53
2024-06-03,June,2024,479.128,84201.75
2024-06-04,June,2024,447.445,81483.43
2024-06-05,June,2024,478.602,82064.37
2024-06-06,June,2024,457.999,73445.81
2024-06-07,June,2024,478.177,74690.75
2024-06-08,June,2024,479.19,68922.47
2024-06-09,June,2024,471.092,56425.61
2024-06-10,June,2024,480.716,80323.86
2024-06-11,June,2024,469.798,73866.64
2024-06-12,June,2024,476.939,71385.73
2024-06-13,June,2024,462.192,67638.55
2024-06-14,June,2024,470.568,66861.57
2024-06-15,June,2024,477.718,68024.41
2024-06-16,June,2024,474.627,53975.8
2024-06-17,June,2024,431.59,51569.15
2024-06-18,June,2024,440.462,61051.29
2024-06-19,June,2024,460.256,64879.46
2024-06-20,June,2024,454.325,65029.53
2024-06-21,June,2024,452.604,62337.03
2024-06-22,June,2024,454.831,57274.09
2024-06-23,June,2024,445.305,46497.11
2024-06-24,June,2024,455.521,64748.05
2024-06-25,June,2024,444.525,63353.78
2024-06-26,June,2024,448.14,62349.06
2024-06-27,June,2024,450.487,62009.24
2024-06-28,June,2024,452.752,66808.91
2024-06-29,June,2024,475.543,70499.43
2024-06-30,June,2024,461.975,59293.86
2024-07-01,July,2024,491.891,87154.11
2024-07-02,July,2024,501.623,83635.4
2024-07-03,July,2024,484.559,78649.51
2024-07-04,July,2024,482.122,78683.27
2024-07-05,July,2024,481.211,76238.49
2024-07-06,July,2024,493.944,75111.32
2024-07-07,July,2024,482.996,59336.17
2024-07-08,July,2024,481.157,81314.51
2024-07-09,July,2024,482.904,77115.53
2024-07-10,July,2024,497.649,79215.04
2024-07-11,July,2024,478.589,71809.73
2024-07-12,July,2024,467.407,66726.7
2024-07-13,July,2024,462.291,59489.69
2024-07-14,July,2024,464.716,50682.42
2024-07-15,July,2024,470.23,71054.85
2024-07-16,July,2024,464.167,66028.97
2024-07-17,July,2024,450.927,55967.88
2024-07-18,July,2024,454.715,62967.39
2024-07-19,July,2024,457.798,61525.81
2024-07-20,July,2024,430.637,57542.05
2024-07-21,July,2024,446.379,48180.54
2024-07-22,July,2024,451.969,64897.57
2024-07-23,July,2024,450.455,64321.06
2024-07-24,July,2024,447.288,61048.58
2024-07-25,July,2024,445.323,61610.72
2024-07-26,July,2024,455.681,59531.17
2024-07-27,July,2024,457.274,55364.35
2024-07-28,July,2024,451.745,45136.0
2024-07-29,July,2024,441.718,62312.64
2024-07-30,July,2024,446.218,63738.25
2024-07-31,July,2024,459.971,77902.69
2024-08-01,August,2024,492.745,86207.47
2024-08-02,August,2024,503.524,80650.53
2024-08-03,August,2024,498.534,74840.21
2024-08-04,August,2024,494.13,60733.24
2024-08-05,August,2024,502.981,87105.05
2024-08-06,August,2024,484.679,75775.76
2024-08-07,August,2024,494.562,75924.48
2024-08-08,August,2024,499.049,74517.12
2024-08-09,August,2024,499.9,71679.83
2024-08-10,August,2024,501.896,68937.11
2024-08-11,August,2024,484.205,53711.43
2024-08-12,August,2024,494.814,73511.02
2024-08-13,August,2024,493.853,69591.51
2024-08-14,August,2024,508.969,70932.79
2024-08-15,August,2024,479.604,53740.39
2024-08-16,August,2024,483.559,62853.27
2024-08-17,August,2024,489.283,64285.9
2024-08-18,August,2024,497.586,52964.5
2024-08-19,August,2024,479.509,57096.04
2024-08-20,August,2024,456.758,63752.32
2024-08-21,August,2024,465.506,63404.65
2024-08-22,August,2024,465.004,61990.5
2024-08-23,August,2024,461.579,60477.73
2024-08-24,August,2024,457.826,56689.96
2024-08-25,August,2024,461.072,47468.27
2024-08-26,August,2024,460.523,56543.09
2024-08-27,August,2024,452.145,60871.56
2024-08-28,August,2024,463.685,62645.47
2024-08-29,August,2024,462.193,64211.45
2024-08-30,August,2024,477.708,71082.16
2024-08-31,August,2024,495.666,76540.76
2024-09-01,September,2024,511.421,69073.83
2024-09-02,September,2024,511.179,86274.07
2024-09-03,September,2024,515.892,81437.03
2024-09-04,September,2024,527.683,83685.23
2024-09-05,September,2024,527.553,80797.4
2024-09-06,September,2024,530.697,77713.57
2024-09-07,September,2024,502.866,65498.43
2024-09-08,September,2024,491.562,56165.45
2024-09-09,September,2024,508.425,79490.57
2024-09-10,September,2024,511.45,78254.62
2024-09-11,September,2024,514.597,75806.41
2024-09-12,September,2024,498.813,70296.67
2024-09-13,September,2024,507.92,70079.7
2024-09-14,September,2024,509.663,65219.02
2024-09-15,September,2024,494.603,53280.38
2024-09-16,September,2024,492.331,63984.34
2024-09-17,September,2024,468.913,59687.43
2024-09-18,September,2024,499.137,66289.32
2024-09-19,September,2024,500.681,68177.63
2024-09-20,September,2024,500.27,65412.69
2024-09-21,September,2024,495.098,63704.4
2024-09-22,September,2024,490.515,50664.47
2024-09-23,September,2024,488.796,66590.44
2024-09-24,September,2024,482.449,63656.76
2024-09-25,September,2024,481.232,66166.94
2024-09-26,September,2024,480.461,66459.08
2024-09-27,September,2024,493.888,66716.07
2024-09-28,September,2024,495.668,61976.27
2024-09-29,September,2024,477.376,50108.87
2024-09-30,September,2024,530.608,91327.62
2024-10-01,October,2024,546.534,92658.75
2024-10-02,October,2024,544.742,77705.0
2024-10-03,October,2024,548.269,88839.15
2024-10-04,October,2024,544.827,86830.46
2024-10-05,October,2024,547.327,84513.18
2024-10-06,October,2024,535.765,66431.56
2024-10-07,October,2024,550.749,92458.79
2024-10-08,October,2024,551.062,85158.96
2024-10-09,October,2024,559.886,85547.24
2024-10-10,October,2024,558.933,82983.3
2024-10-11,October,2024,535.589,69918.71
2024-10-12,October,2024,516.794,56546.43
2024-10-13,October,2024,506.884,53064.06
2024-10-14,October,2024,516.222,75016.77
2024-10-15,October,2024,506.763,73329.45
2024-10-16,October,2024,520.253,72971.45
2024-10-17,October,2024,515.711,70391.28
2024-10-18,October,2024,521.461,68930.91
2024-10-19,October,2024,526.223,70977.77
2024-10-20,October,2024,528.99,57448.79
2024-10-21,October,2024,510.034,73501.45
2024-10-22,October,2024,510.526,72169.83
2024-10-23,October,2024,519.753,72706.64
2024-10-24,October,2024,510.426,69192.29
2024-10-25,October,2024,517.906,74389.67
2024-10-26,October,2024,525.097,68761.95
2024-10-27,October,2024,519.799,57620.64
2024-10-28,October,2024,532.586,82704.73
2024-10-29,October,2024,565.274,87452.79
2024-10-30,October,2024,546.463,94276.43
2024-10-31,October,2024,644.118,85323.03
2024-11-01,November,2024,517.579,74047.52
2024-11-02,November,2024,521.782,75055.57
2024-11-03,November,2024,504.798,63120.41
2024-11-04,November,2024,526.556,89858.79
2024-11-05,November,2024,528.091,85256.12
2024-11-06,November,2024,529.449,81865.72
2024-11-07,November,2024,521.297,77688.12
2024-11-08,November,2024,521.796,74332.91
2024-11-09,November,2024,531.183,73528.63
2024-11-10,November,2024,530.802,62533.33
2024-11-11,November,2024,534.55,82436.94
2024-11-12,November,2024,526.088,77463.41
2024-11-13,November,2024,528.516,75100.7
2024-11-14,November,2024,522.687,73219.2
2024-11-15,November,2024,503.281,63789.6
2024-11-16,November,2024,525.889,69831.22
2024-11-17,November,2024,509.852,54171.35
2024-11-18,November,2024,509.488,70983.16
2024-11-19,November,2024,502.708,69585.3
2024-11-20,November,2024,505.732,67834.29
2024-11-21,November,2024,508.623,70642.19
2024-11-22,November,2024,510.201,66901.25
2024-11-23,November,2024,499.183,60675.87
2024-11-24,November,2024,500.579,51421.51
2024-11-25,November,2024,502.161,71726.73
2024-11-26,November,2024,495.267,70195.84
2024-11-27,November,2024,503.854,68595.69
2024-11-28,November,2024,504.93500000000006,71091.2
2024-11-29,November,2024,519.923,77537.16
2024-11-30,November,2024,535.171,84697.68
2024-12-01,December,2024,550.449,75107.21
2024-12-02,December,2024,560.505,95915.61
2024-12-03,December,2024,555.385,89993.99
2024-12-04,December,2024,561.983,90193.49
2024-12-05,December,2024,556.269,86499.53
2024-12-06,December,2024,548.022,79287.54
2024-12-07,December,2024,557.786,79101.01
2024-12-08,December,2024,549.659,64347.24
2024-12-09,December,2024,546.605,86326.84
2024-12-10,December,2024,551.379,84053.0
2024-12-11,December,2024,550.5840000000001,80326.73
2024-12-12,December,2024,533.341,76196.74
2024-12-13,December,2024,541.165,74454.16
2024-12-14,December,2024,538.8810000000001,68218.53
2024-12-15,December,2024,535.774,57635.58
2024-12-16,December,2024,537.8439999999999,76984.49
2024-12-17,December,2024,537.201,77394.28
2024-12-18,December,2024,534.222,73236.05
2024-12-19,December,2024,535.4300000000001,74296.62
2024-12-20,December,2024,535.275,73223.48
2024-12-21,December,2024,537.954,68924.5
2024-12-22,December,2024,528.5350000000001,54933.41
2024-12-23,December,2024,528.2189999999999,75243.27
2024-12-24,December,2024,526.966,71475.66
2024-12-25,December,2024,517.429,61906.4
2024-12-26,December,2024,518.396,71169.36
2024-12-27,December,2024,508.57700000000006,68528.35
2024-12-28,December,2024,514.914,64526.76
2024-12-29,December,2024,511.226,53660.5
2024-12-30,December,2024,525.29,78391.76
2024-12-31,December,2024,594.7439999999999,93147.85
2025-01-01,January,2025,568.43,81015.79
2025-01-02,January,2025,565.22,94429.32
2025-01-03,January,2025,559.45,86371.9
2025-01-04,January,2025,562.35,87686.56
2025-01-05,January,2025,557.0,70700.73
2025-01-06,January,2025,559.641,92101.54
2025-01-07,January,2025,558.326,86148.85
2025-01-08,January,2025,572.9689999999999,86474.61
2025-01-09,January,2025,568.1220000000001,85038.14
2025-01-10,January,2025,578.76,86039.63
2025-01-11,January,2025,568.268,76848.16
2025-01-12,January,2025,567.088,63403.0
2025-01-13,January,2025,555.674,78541.07
2025-01-14,January,2025,522.6890000000001,66339.87
2025-01-15,January,2025,533.538,72564.96
2025-01-16,January,2025,533.0989999999999,71787.04
2025-01-17,January,2025,537.403,71032.39
2025-01-18,January,2025,539.177,68860.95
2025-01-19,January,2025,530.65,56364.25
2025-01-20,January,2025,543.644,78187.93
2025-01-21,January,2025,530.828,72609.39
2025-01-22,January,2025,541.529,72846.1
2025-01-23,January,2025,526.829,69306.15
2025-01-24,January,2025,536.716,69561.04
2025-01-25,January,2025,553.017,67121.44
2025-01-26,January,2025,517.303,51023.09
2025-01-27,January,2025,534.675,74950.26
2025-01-28,January,2025,532.798,72270.63
2025-01-29,January,2025,532.746,70929.65
2025-01-30,January,2025,535.941,76012.84
2025-01-31,January,2025,572.1279999999999,91469.83
2025-02-01,February,2025,604.754,99835.69
2025-02-02,February,2025,591.604,75620.6
2025-02-03,February,2025,582.391,93245.74
2025-02-04,February,2025,576.418,91126.6
2025-02-05,February,2025,585.6800000000001,89847.56
2025-02-06,February,2025,579.3199999999999,85577.46
2025-02-07,February,2025,582.164,83661.64
2025-02-08,February,2025,584.837,78394.48
2025-02-09,February,2025,584.6949999999999,67170.58
2025-02-10,February,2025,592.816,92183.3
2025-02-11,February,2025,581.057,85320.26
2025-02-12,February,2025,589.427,82436.06
2025-02-13,February,2025,574.283,77947.95
2025-02-14,February,2025,587.238,77266.11
2025-02-15,February,2025,571.054,76162.54
2025-02-16,February,2025,553.048,59017.87
2025-02-17,February,2025,562.4300000000001,77737.39
2025-02-18,February,2025,557.115,73824.81
2025-02-19,February,2025,564.758,73200.56
2025-02-20,February,2025,562.1189999999999,74075.68
2025-02-21,February,2025,564.77,71739.87
2025-02-22,February,2025,565.472,67795.92
2025-02-23,February,2025,560.54,54660.38
2025-02-24,February,2025,563.482,75820.65
2025-02-25,February,2025,576.501,76593.92
2025-02-26,February,2025,552.081,62994.82
2025-02-27,February,2025,555.4770000000001,75714.97
2025-02-28,February,2025,600.662,97508.29
2025-03-01,March,2025,631.425,101627.92
2025-03-02,March,2025,608.029,79157.48
2025-03-03,March,2025,599.447,97185.42
2025-03-04,March,2025,594.558,93483.95
2025-03-05,March,2025,596.265,93034.38
2025-03-06,March,2025,584.1,87477.02
2025-03-07,March,2025,597.996,87218.22
2025-03-08,March,2025,605.762,81507.5
2025-03-09,March,2025,604.783,68403.22
2025-03-10,March,2025,611.043,95763.57
2025-03-11,March,2025,577.813,84906.83
2025-03-12,March,2025,601.722,87615.79
2025-03-13,March,2025,642.101,85570.94
2025-03-14,March,2025,514.985,51067.26
2025-03-15,March,2025,580.763,71801.28
2025-03-16,March,2025,572.15,59622.54
2025-03-17,March,2025,580.3520000000001,80668.23
2025-03-18,March,2025,572.643,76988.31
2025-03-19,March,2025,576.134,76504.71
2025-03-20,March,2025,575.8199999999999,78037.44
2025-03-21,March,2025,576.375,74557.68
2025-03-22,March,2025,584.226,70233.03
2025-03-23,March,2025,587.4399999999999,58953.84
2025-03-24,March,2025,578.4359999999999,79820.41
2025-03-25,March,2025,581.7439999999999,79710.62
2025-03-26,March,2025,550.509,75842.65
2025-03-27,March,2025,597.4649999999999,81231.4
2025-03-28,March,2025,605.243,84515.18
2025-03-29,March,2025,627.191,87115.79
2025-03-30,March,2025,619.267,71617.99
2025-03-31,March,2025,565.721,75980.99
2025-04-01,April,2025,529.7180000000001,74937.0
2025-04-02,April,2025,619.275,102791.42
2025-04-03,April,2025,606.985,95332.97
2025-04-04,April,2025,618.6859999999999,94268.0
2025-04-05,April,2025,629.581,90299.35
2025-04-06,April,2025,588.2729999999999,68150.47
2025-04-07,April,2025,618.568,98216.32
2025-04-08,April,2025,624.895,89887.4
2025-04-09,April,2025,629.692,91452.18
2025-04-10,April,2025,605.415,83751.64
2025-04-11,April,2025,620.263,85297.83
2025-04-12,April,2025,554.296,68876.63
2025-04-13,April,2025,613.976,65305.33
2025-04-14,April,2025,582.6859999999999,70514.53
2025-04-15,April,2025,608.9390000000001,83768.29
2025-04-16,April,2025,606.392,82446.94
2025-04-17,April,2025,598.3050000000001,79567.11
2025-04-18,April,2025,578.175,67342.78
2025-04-19,April,2025,603.946,74613.71
2025-04-20,April,2025,587.892,60985.01
2025-04-21,April,2025,589.208,79430.34
2025-04-22,April,2025,582.008,75876.17
2025-04-23,April,2025,582.296,74632.32
2025-04-24,April,2025,580.1949999999999,73457.31
2025-04-25,April,2025,585.048,74213.96
2025-04-26,April,2025,583.1229999999999,69855.94
2025-04-27,April,2025,578.471,57359.23
2025-04-28,April,2025,583.217,79646.93
2025-04-29,April,2025,587.909,81121.96
2025-04-30,April,2025,615.991,101526.8
2025-05-01,May,2025,627.044,96949.94
2025-05-02,May,2025,637.271,100248.07
2025-05-03,May,2025,638.116,95776.08
2025-05-04,May,2025,627.641,78825.85
2025-05-05,May,2025,629.588,99229.03
2025-05-06,May,2025,608.419,89592.71
2025-05-07,May,2025,615.602,89345.34
2025-05-08,May,2025,622.041,88440.61
2025-05-09,May,2025,613.056,86292.19
2025-05-10,May,2025,617.641,83538.15
2025-05-11,May,2025,602.318,65341.59
2025-05-12,May,2025,558.678,78333.03
2025-05-13,May,2025,605.066,84780.86
2025-05-14,May,2025,609.736,84134.23
2025-05-15,May,2025,606.493,83793.22
2025-05-16,May,2025,603.117,78259.65
2025-05-17,May,2025,605.872,75787.32
2025-05-18,May,2025,595.087,60347.3
2025-05-19,May,2025,594.807,80321.57
2025-05-20,May,2025,584.47,78514.86
2025-05-21,May,2025,591.006,77375.62
2025-05-22,May,2025,589.576,75556.0
2025-05-23,May,2025,591.759,73524.04
2025-05-24,May,2025,585.468,69120.98
2025-05-25,May,2025,583.56,58284.01
2025-05-26,May,2025,578.537,76999.96
2025-05-27,May,2025,577.512,74452.63
2025-05-28,May,2025,581.754,75951.73
2025-05-29,May,2025,579.36,76027.13
2025-05-30,May,2025,599.23,86128.51
2025-05-31,May,2025,617.63,93024.8
2025-06-01,June,2025,644.307,82861.02
2025-06-02,June,2025,650.255,106309.47
2025-06-03,June,2025,648.737,97443.74
2025-06-04,June,2025,637.592,98723.85
2025-06-05,June,2025,641.393,96560.1
2025-06-06,June,2025,658.348,93649.21
2025-06-07,June,2025,606.829,75791.75
2025-06-08,June,2025,601.504,63812.4
2025-06-09,June,2025,623.165,91121.07
2025-06-10,June,2025,634.294,91838.53
2025-06-11,June,2025,626.608,87210.64
2025-06-12,June,2025,613.445,82500.72
2025-06-13,June,2025,613.38,79449.86
2025-06-14,June,2025,612.977,74677.34
2025-06-15,June,2025,605.644,62265.9
2025-06-16,June,2025,604.952,82363.95
2025-06-17,June,2025,597.523,77388.82
2025-06-18,June,2025,602.992,77121.9
2025-06-19,June,2025,590.943,75273.14
2025-06-20,June,2025,606.672,74977.8
2025-06-21,June,2025,603.775,72526.08
2025-06-22,June,2025,591.089,57113.84
2025-06-23,June,2025,592.609,75796.64
2025-06-24,June,2025,585.802,72710.14
2025-06-25,June,2025,595.444,74007.96
2025-06-26,June,2025,594.023,74401.66
2025-06-27,June,2025,598.299,73713.91
2025-06-28,June,2025,598.964,70198.78
2025-06-29,June,2025,589.465,58111.17
2025-06-30,June,2025,623.976,104009.3
2025-07-01,July,2025,653.513,110062.3
2025-07-02,July,2025,664.996,104976.26
2025-07-03,July,2025,644.699,95041.19
2025-07-04,July,2025,648.311,92737.86
2025-07-05,July,2025,656.136,92883.49
2025-07-06,July,2025,623.423,69207.26
2025-07-07,July,2025,641.58,95194.06
2025-07-08,July,2025,648.143,89965.21
2025-07-09,July,2025,638.136,87860.16
2025-07-10,July,2025,655.567,90757.83
2025-07-11,July,2025,646.048,85108.8
2025-07-12,July,2025,644.634,77724.93
2025-07-13,July,2025,634.889,64248.65
2025-07-14,July,2025,628.684,86145.07
2025-07-15,July,2025,634.666,84602.21
2025-07-16,July,2025,631.362,81454.6
2025-07-17,July,2025,618.245,76195.17
2025-07-18,July,2025,621.391,73841.65
2025-07-19,July,2025,624.442,72515.93
2025-07-20,July,2025,625.29,60707.39
2025-07-21,July,2025,612.668,77296.08
2025-07-22,July,2025,609.652,73274.46
2025-07-23,July,2025,609.414,72901.37
2025-07-24,July,2025,602.245,70319.08
2025-07-25,July,2025,597.438,72926.31
2025-07-26,July,2025,603.241,67031.53
2025-07-27,July,2025,609.434,55840.25
2025-07-28,July,2025,607.5989999999999,76306.71
2025-07-29,July,2025,590.851,73041.58
2025-07-30,July,2025,607.725,79458.74
2025-07-31,July,2025,633.526,98871.97
2025-08-01,August,2025,669.332,103856.25
2025-08-02,August,2025,707.216,102420.12
2025-08-03,August,2025,667.926,76155.36
2025-08-04,August,2025,665.374,98588.87
2025-08-05,August,2025,671.664,97550.71
2025-08-06,August,2025,675.268,93102.41
2025-08-07,August,2025,673.355,93176.2
2025-08-08,August,2025,721.27,93002.51
2025-08-09,August,2025,680.234,76578.76
2025-08-10,August,2025,645.079,69866.81
2025-08-11,August,2025,652.8050000000001,90606.77
2025-08-12,August,2025,651.625,85866.64
2025-08-13,August,2025,643.644,83460.62
2025-08-14,August,2025,660.047,83159.03
2025-08-15,August,2025,629.88,63117.09
2025-08-16,August,2025,636.768,68278.92
2025-08-17,August,2025,612.3109999999999,57594.29
2025-08-18,August,2025,627.05,79754.87
2025-08-19,August,2025,614.1890000000001,76331.59
2025-08-20,August,2025,639.141,81160.77
2025-08-21,August,2025,631.5060000000001,78191.58
2025-08-22,August,2025,622.644,72461.6
2025-08-23,August,2025,617.833,68686.99
2025-08-24,August,2025,627.793,58510.27
2025-08-25,August,2025,637.824,80294.19
2025-08-26,August,2025,641.638,77157.83
2025-08-27,August,2025,593.556,62308.47
2025-08-28,August,2025,597.677,74062.22
2025-08-29,August,2025,617.853,81491.51
2025-08-30,August,2025,645.1279999999999,87522.18
2025-08-31,August,2025,630.6800000000001,71157.47
2025-09-01,September,2025,653.787,103346.42
2025-09-02,September,2025,669.928,101199.28
2025-09-03,September,2025,669.813,95949.97
2025-09-04,September,2025,667.371,95176.51
2025-09-05,September,2025,643.347,82199.29
2025-09-06,September,2025,642.034,82162.11
2025-09-07,September,2025,634.663,67737.98
2025-09-08,September,2025,674.207,91323.72
2025-09-09,September,2025,671.052,91406.67
2025-09-10,September,2025,682.483,94319.1
2025-09-11,September,2025,661.598,87398.93
2025-09-12,September,2025,670.327,83819.17
2025-09-13,September,2025,656.881,75989.11
2025-09-14,September,2025,653.401,63705.14
2025-09-15,September,2025,652.517,86868.41
2025-09-16,September,2025,648.036,81334.96
2025-09-17,September,2025,651.27,76781.03
2025-09-18,September,2025,636.322,75545.7
2025-09-19,September,2025,646.019,73973.14
2025-09-20,September,2025,660.031,76649.34
2025-09-21,September,2025,650.172,60320.66
2025-09-22,September,2025,637.058,82477.13
2025-09-23,September,2025,641.936,81647.55
2025-09-24,September,2025,650.507,82219.56
2025-09-25,September,2025,646.477,82763.15
2025-09-26,September,2025,642.794,81147.56
2025-09-27,September,2025,647.099,76740.06
2025-09-28,September,2025,635.523,63884.47
2025-09-29,September,2025,662.61,88429.61
2025-09-30,September,2025,674.17,103220.79
2025-10-01,October,2025,705.618,106297.2
2025-10-02,October,2025,656.293,82995.89
2025-10-03,October,2025,674.633,97261.44
2025-10-04,October,2025,676.96,99228.42
2025-10-05,October,2025,678.592,82431.5
2025-10-06,October,2025,676.848,102255.51
2025-10-07,October,2025,646.32,94312.62
2025-10-08,October,2025,700.322,101998.71
2025-10-09,October,2025,709.611,102964.42
2025-10-10,October,2025,717.511,100827.85
2025-10-11,October,2025,691.044,90437.39
2025-10-12,October,2025,693.316,75027.23
2025-10-13,October,2025,687.874,96747.94
2025-10-14,October,2025,685.799,95603.07
2025-10-15,October,2025,699.875,99092.97
2025-10-16,October,2025,692.684,95599.29
2025-10-17,October,2025,712.476,98266.13
2025-10-18,October,2025,754.37,102753.58
2025-10-19,October,2025,739.042,85667.27
2025-10-20,October,2025,717.268,74285.26
2025-10-21,October,2025,602.667,67047.73
2025-10-22,October,2025,615.294,71327.82
2025-10-23,October,2025,611.753,74735.1
2025-10-24,October,2025,617.168,78118.62
2025-10-25,October,2025,622.436,75021.93
2025-10-26,October,2025,614.751,61084.11
2025-10-27,October,2025,608.487,77187.79
2025-10-28,October,2025,597.461,75624.67
2025-10-29,October,2025,617.114,79470.12
2025-10-30,October,2025,620.374,83284.16
2025-10-31,October,2025,656.96,100834.97
2025-11-01,November,2025,704.217,108113.06
2025-11-02,November,2025,704.01,88237.13
2025-11-03,November,2025,690.327,104487.3
2025-11-04,November,2025,691.388,104828.1
2025-11-05,November,2025,690.838,93513.51
2025-11-06,November,2025,677.773,95130.44
2025-11-07,November,2025,694.816,96328.59
2025-11-08,November,2025,695.677,88350.79
2025-11-09,November,2025,693.638,75982.55
2025-11-10,November,2025,702.129,102018.93
2025-11-11,November,2025,690.781,95430.93
2025-11-12,November,2025,697.349,92633.75
2025-11-13,November,2025,684.647,88130.37
2025-11-14,November,2025,683.091,84751.72
2025-11-15,November,2025,691.675,86252.67
2025-11-16,November,2025,681.824,68114.84
2025-11-17,November,2025,673.906,86746.09
2025-11-18,November,2025,664.756,84795.14
2025-11-19,November,2025,671.065,84412.33
2025-11-20,November,2025,685.182,86690.37
2025-11-21,November,2025,680.479,83048.09
2025-11-22,November,2025,670.665,76278.14
2025-11-23,November,2025,661.587,62917.13
2025-11-24,November,2025,660.527,83598.27
2025-11-25,November,2025,659.386,83111.04
2025-11-26,November,2025,664.839,81897.99
2025-11-27,November,2025,659.959,82358.08
2025-11-28,November,2025,676.124,90124.99
2025-11-29,November,2025,685.569,93645.91
2025-11-30,November,2025,678.755,79704.39
2025-12-01,December,2025,713.619,115449.97
2025-12-02,December,2025,726.816,112235.89
2025-12-03,December,2025,710.212,104190.87
2025-12-04,December,2025,704.088,103618.87
2025-12-05,December,2025,707.409,101063.5
2025-12-06,December,2025,712.898,95845.96
2025-12-07,December,2025,704.708,78447.4
2025-12-08,December,2025,712.04,101849.7
2025-12-09,December,2025,708.557,102672.16
2025-12-10,December,2025,723.537,103463.35
2025-12-11,December,2025,699.658,93099.57
2025-12-12,December,2025,705.995,90399.4
2025-12-13,December,2025,702.834,83028.01
2025-12-14,December,2025,700.334,70004.33
2025-12-15,December,2025,705.422,95630.48
2025-12-16,December,2025,687.439,89498.14
2025-12-17,December,2025,695.798,86431.01
2025-12-18,December,2025,687.288,87159.49
2025-12-19,December,2025,683.396,79987.96
2025-12-20,December,2025,695.801,84002.35
2025-12-21,December,2025,686.27,67104.1
2025-12-22,December,2025,685.316,87815.07
2025-12-23,December,2025,681.769,84893.75
2025-12-24,December,2025,703.948,88007.46
2025-12-25,December,2025,665.887,72641.65
2025-12-26,December,2025,669.838,82519.49
2025-12-27,December,2025,668.261,77154.95
2025-12-28,December,2025,663.379,64095.38
2025-12-29,December,2025,674.062,89613.36
2025-12-30,December,2025,680.15,92522.84
2025-12-31,December,2025,767.939,112266.25
2026-01-01,January,2026,731.33,97973.88
2026-01-02,January,2026,741.92,111666.3
2026-01-03,January,2026,722.63,104168.76
2026-01-04,January,2026,718.8,88995.71
2026-01-05,January,2026,726.19,112669.2
2026-01-06,January,2026,703.83,101079.76
2026-01-07,January,2026,719.17,102912.23
2026-01-08,January,2026,714.02,99947.31
2026-01-09,January,2026,717.19,98968.86
2026-01-10,January,2026,723.32,94813.91
2026-01-11,January,2026,713.06,75929.99
2026-01-12,January,2026,721.64,101749.38
2026-01-13,January,2026,735.89,99183.09
2026-01-14,January,2026,709.52,87279.23
2026-01-15,January,2026,666.52,79204.83
2026-01-16,January,2026,675.31,82616.91
2026-01-17,January,2026,684.4,81727.86
2026-01-18,January,2026,679.6,66253.55
2026-01-19,January,2026,695.28,93021.38
2026-01-20,January,2026,681.76,93029.83
2026-01-21,January,2026,702.91,94939.41
2026-01-22,January,2026,696.78,89962.31
2026-01-23,January,2026,661.82,81271.05
2026-01-24,January,2026,683.79,80392.72
2026-01-25,January,2026,672.66,66779.51
2026-01-26,January,2026,654.41,67965.97
2026-01-27,January,2026,667.9,84612.25
2026-01-28,January,2026,679.23,89735.29
2026-01-29,January,2026,675.63,93285.24
2026-01-30,January,2026,700.73,103462.71
2026-01-31,January,2026,726.22,107882.83
2026-02-01,February,2026,742.56,100563.68
2026-02-02,February,2026,771.9,125303.02
2026-02-03,February,2026,741.66,113333.7
2026-02-04,February,2026,744.87,113302.09
2026-02-05,February,2026,741.6,108594.54
2026-02-06,February,2026,732.46,99784.03
2026-02-07,February,2026,750.86,100733.21
2026-02-08,February,2026,743.84,82029.34
2026-02-09,February,2026,748.8,107887.66
2026-02-10,February,2026,724.28,103218.18
2026-02-11,February,2026,748.99,102584.3
2026-02-12,February,2026,720.22,95358.6
2026-02-13,February,2026,742.92,96235.21
2026-02-14,February,2026,761.77,90455.12
2026-02-15,February,2026,715.5,70326.94
2026-02-16,February,2026,723.55,95510.43
2026-02-17,February,2026,722.08,92544.1
2026-02-18,February,2026,725.76,91606.75
2026-02-19,February,2026,699.41,86947.5
2026-02-20,February,2026,701.0,86258.07
2026-02-21,February,2026,697.99,84256.35
2026-02-22,February,2026,703.05,68821.03
2026-02-23,February,2026,700.41,89725.14
2026-02-24,February,2026,698.34,87436.1
2026-02-25,February,2026,709.85,90237.78
2026-02-26,February,2026,695.71,88166.29
2026-02-27,February,2026,731.17,105320.93
2026-02-28,February,2026,753.65,107689.21
2026-03-01,March,2026,755.42,97525.53
2026-03-02,March,2026,801.56,131735.46
2026-03-03,March,2026,740.94,98434.71
2026-03-04,March,2026,687.48,90761.63
2026-03-05,March,2026,739.59,107158.79
2026-03-06,March,2026,740.54,103910.72
2026-03-07,March,2026,759.97,105378.62
2026-03-08,March,2026,738.42,81073.89
2026-03-09,March,2026,753.62,112655.96
2026-03-10,March,2026,756.31,109885.32
2026-03-11,March,2026,752.83,104165.98
2026-03-12,March,2026,741.18,99749.33
2026-03-13,March,2026,740.85,96563.24
2026-03-14,March,2026,746.42,92196.0
2026-03-15,March,2026,732.01,77673.68
2026-03-16,March,2026,734.16,100286.48
2026-03-17,March,2026,731.99,96510.62
2026-03-18,March,2026,749.59,95489.75
2026-03-19,March,2026,712.31,87386.11
2026-03-20,March,2026,728.99,91930.06
2026-03-21,March,2026,675.32,73441.55
2026-03-22,March,2026,687.87,66078.72
2026-03-23,March,2026,712.13,95601.77
2026-03-24,March,2026,708.69,91609.73
2026-03-25,March,2026,725.88,96046.1
2026-03-26,March,2026,710.87,87058.06
2026-03-27,March,2026,697.93,86786.3
2026-03-28,March,2026,715.64,85443.62
2026-03-29,March,2026,706.75,71210.24
2026-03-30,March,2026,725.99,109254.3
2026-03-31,March,2026,729.89,109539.76
2026-04-01,April,2026,739.016,105071.07
2026-04-02,April,2026,783.7439999999999,125111.99
2026-04-03,April,2026,748.177,101165.26
2026-04-04,April,2026,775.272,111899.57
2026-04-05,April,2026,757.981,88194.87
2026-04-06,April,2026,757.55,111242.92
2026-04-07,April,2026,744.8109999999999,107032.89
2026-04-08,April,2026,769.764,109088.26
2026-04-09,April,2026,759.8489999999999,105437.82
2026-04-10,April,2026,780.678,107022.99
2026-04-11,April,2026,770.014,96157.79
2026-04-12,April,2026,757.518,77982.2
2026-04-13,April,2026,775.589,104205.51
2026-04-14,April,2026,739.729,87362.63
2026-04-15,April,2026,761.7479999999999,98877.82
2026-04-16,April,2026,744.362,96594.6
2026-04-17,April,2026,748.0060000000001,91887.9
2026-04-18,April,2026,755.521,93482.06
2026-04-19,April,2026,738.892,79012.63
2026-04-20,April,2026,738.02,101417.94
2026-04-21,April,2026,719.462,91391.57
2026-04-22,April,2026,729.4,91205.61
2026-04-23,April,2026,706.9399999999999,85193.86
2026-04-24,April,2026,728.375,89131.2
2026-04-25,April,2026,729.1800000000001,85213.1
2026-04-26,April,2026,708.25,69044.68
2026-04-27,April,2026,719.896,93068.62
2026-04-28,April,2026,712.47,90032.0
2026-04-29,April,2026,701.909,91198.31
2026-04-30,April,2026,744.674,119260.38
2026-05-01,May,2026,767.91,111281.22
2026-05-02,May,2026,800.11,121709.67
2026-05-03,May,2026,767.82,93284.63
2026-05-04,May,2026,740.78,113658.32
2026-05-05,May,2026,763.22,115017.52
2026-05-06,May,2026,761.51,108562.67
2026-05-07,May,2026,760.52,107677.31
2026-05-08,May,2026,771.73,104769.32
2026-05-09,May,2026,767.53,100137.12
2026-05-10,May,2026,769.24,85290.49
2026-05-11,May,2026,773.15,109868.94
2026-05-12,May,2026,766.24,104647.39
2026-05-13,May,2026,756.59,99435.44
2026-05-14,May,2026,747.98,96746.53
2026-05-15,May,2026,768.22,96584.68
2026-05-16,May,2026,757.97,90908.18
2026-05-17,May,2026,745.63,75206.21
2026-05-18,May,2026,743.61,96202.81
2026-05-19,May,2026,737.77,92099.95
2026-05-20,May,2026,747.58,95243.83
2026-05-21,May,2026,718.01,88774.26
2026-05-22,May,2026,740.5,89437.89
2026-05-23,May,2026,730.59,84137.96
2026-05-24,May,2026,724.19,70488.01
2026-05-25,May,2026,737.75,96626.32
2026-05-26,May,2026,729.01,92990.6
2026-05-27,May,2026,751.99,95677.9
2026-05-28,May,2026,673.5,73215.31
2026-05-29,May,2026,707.57,94811.1
2026-05-30,May,2026,735.94,101509.14
2026-05-31,May,2026,737.79,84423.46
2026-06-01,June,2026,784.73,126017.27
2026-06-02,June,2026,795.56,121338.4
2026-06-03,June,2026,785.13,115092.87
2026-06-04,June,2026,764.08,111592.07
2026-06-05,June,2026,776.48,108318.08
2026-06-06,June,2026,775.38,103888.84
2026-06-07,June,2026,773.73,83853.82
2026-06-08,June,2026,763.17,106344.92
2026-06-09,June,2026,771.53,107514.2
2026-06-10,June,2026,791.63,110285.66
2026-06-11,June,2026,765.4,102421.42
2026-06-12,June,2026,770.99,96505.61
2026-06-13,June,2026,761.05,89190.81
2026-06-14,June,2026,762.82,76045.15
2026-06-15,June,2026,770.58,100667.03
2026-06-16,June,2026,760.1,95816.46
2026-06-17,June,2026,759.66,93717.69
2026-06-18,June,2026,740.86,90299.09
2026-06-19,June,2026,737.27,87612.81
2026-06-20,June,2026,755.63,90413.22
2026-06-21,June,2026,752.2,72494.69
2026-06-22,June,2026,741.41,91881.57
2026-06-23,June,2026,726.04,88769.18
2026-06-24,June,2026,737.42,88749.07
2026-06-25,June,2026,736.47,91889.96
2026-06-26,June,2026,717.01,78222.5
2026-06-27,June,2026,727.88,79907.0
2026-06-28,June,2026,727.63,67383.64
2026-06-29,June,2026,727.11,95436.83
2026-06-30,June,2026,757.13,120468.8
